Date,num_comments,num_posts,upvotes
2021-01-01 00:00:00+00:00,725.0,77.0,2723.0
2021-01-02 00:00:00+00:00,3074.0,590.0,13115.0
2021-01-03 00:00:00+00:00,4173.0,537.0,15444.0
2021-01-04 00:00:00+00:00,2597.0,411.0,10785.0
2021-01-05 00:00:00+00:00,2091.0,252.0,6959.0
2021-01-06 00:00:00+00:00,1551.0,293.0,6597.0
2021-01-07 00:00:00+00:00,1144.0,235.0,4659.0
2021-01-08 00:00:00+00:00,1225.0,201.0,6170.0
2021-01-09 00:00:00+00:00,1795.0,192.0,4626.0
2021-01-10 00:00:00+00:00,1570.0,219.0,5580.0
2021-01-11 00:00:00+00:00,1539.0,244.0,5343.0
2021-01-12 00:00:00+00:00,1092.0,159.0,4501.0
2021-01-13 00:00:00+00:00,792.0,121.0,3102.0
2021-01-14 00:00:00+00:00,900.0,148.0,4382.0
2021-01-15 00:00:00+00:00,717.0,139.0,2545.0
2021-01-16 00:00:00+00:00,1016.0,104.0,3617.0
2021-01-17 00:00:00+00:00,799.0,96.0,4381.0
2021-01-18 00:00:00+00:00,534.0,110.0,2519.0
2021-01-19 00:00:00+00:00,689.0,105.0,3457.0
2021-01-20 00:00:00+00:00,565.0,106.0,2532.0
2021-01-21 00:00:00+00:00,560.0,97.0,2932.0
2021-01-22 00:00:00+00:00,805.0,106.0,4191.0
2021-01-23 00:00:00+00:00,449.0,72.0,1993.0
2021-01-24 00:00:00+00:00,377.0,65.0,2186.0
2021-01-25 00:00:00+00:00,663.0,92.0,1807.0
2021-01-26 00:00:00+00:00,398.0,77.0,2697.0
2021-01-27 00:00:00+00:00,654.0,70.0,4015.0
2021-01-28 00:00:00+00:00,7070.0,1342.0,62336.0
2021-01-29 00:00:00+00:00,9893.0,2933.0,83680.0
2021-01-30 00:00:00+00:00,11302.0,2487.0,86767.0
2021-01-31 00:00:00+00:00,13756.0,2210.0,62597.0
2021-02-01 00:00:00+00:00,11510.0,2153.0,152056.0
2021-02-02 00:00:00+00:00,9839.0,1997.0,79718.0
2021-02-03 00:00:00+00:00,11042.0,1904.0,128695.0
2021-02-04 00:00:00+00:00,7132.0,2254.0,79110.0
2021-02-05 00:00:00+00:00,333.0,100.0,2370.0
2021-02-08 00:00:00+00:00,5095.0,1193.0,106460.0
2021-02-09 00:00:00+00:00,20484.0,1965.0,102079.0
2021-02-10 00:00:00+00:00,5370.0,1429.0,44695.0
2021-02-11 00:00:00+00:00,16602.0,1822.0,65600.0
2021-02-12 00:00:00+00:00,16174.0,1863.0,110260.0
2021-02-13 00:00:00+00:00,10098.0,1662.0,104480.0
2021-02-14 00:00:00+00:00,17702.0,1691.0,96309.0
2021-02-15 00:00:00+00:00,14060.0,1845.0,85309.0
2021-02-16 00:00:00+00:00,12706.0,1050.0,72517.0
2021-02-17 00:00:00+00:00,7181.0,589.0,12178.0
2021-02-18 00:00:00+00:00,12001.0,1563.0,59807.0
2021-02-19 00:00:00+00:00,10961.0,1342.0,78367.0
2021-02-20 00:00:00+00:00,8425.0,1293.0,34963.0
2021-02-21 00:00:00+00:00,7728.0,1299.0,67238.0
2021-02-22 00:00:00+00:00,14992.0,1276.0,39731.0
2021-02-23 00:00:00+00:00,6437.0,1367.0,49207.0
2021-02-24 00:00:00+00:00,5475.0,1273.0,34062.0
2021-02-25 00:00:00+00:00,5886.0,1064.0,66008.0
2021-02-26 00:00:00+00:00,6346.0,1045.0,52414.0
2021-02-27 00:00:00+00:00,6260.0,995.0,50149.0
2021-02-28 00:00:00+00:00,2098.0,352.0,31906.0
2021-03-02 00:00:00+00:00,1226.0,348.0,11644.0
2021-03-03 00:00:00+00:00,4788.0,934.0,26410.0
2021-03-04 00:00:00+00:00,4856.0,1018.0,44428.0
2021-03-05 00:00:00+00:00,3269.0,435.0,22596.0
2021-03-07 00:00:00+00:00,578.0,97.0,6136.0
2021-03-08 00:00:00+00:00,2743.0,669.0,26928.0
2021-03-09 00:00:00+00:00,5763.0,1181.0,55071.0
2021-03-10 00:00:00+00:00,5430.0,995.0,39515.0
2021-03-11 00:00:00+00:00,5790.0,896.0,44476.0
2021-03-12 00:00:00+00:00,4959.0,933.0,44853.0
2021-03-13 00:00:00+00:00,5401.0,1072.0,42956.0
2021-03-14 00:00:00+00:00,5377.0,1124.0,35905.0
2021-03-15 00:00:00+00:00,5680.0,902.0,54560.0
2021-03-16 00:00:00+00:00,4594.0,850.0,42285.0
2021-03-17 00:00:00+00:00,5538.0,761.0,38840.0
2021-03-27 00:00:00+00:00,331.0,79.0,1950.0
2021-03-28 00:00:00+00:00,2504.0,460.0,26502.0
2021-03-29 00:00:00+00:00,2271.0,471.0,19806.0
2021-03-30 00:00:00+00:00,2725.0,507.0,25217.0
2021-03-31 00:00:00+00:00,3242.0,512.0,27763.0
2021-04-01 00:00:00+00:00,2664.0,695.0,24224.0
2021-04-02 00:00:00+00:00,3447.0,533.0,18731.0
2021-04-03 00:00:00+00:00,3935.0,471.0,38640.0
2021-04-04 00:00:00+00:00,2376.0,424.0,24942.0
2021-04-05 00:00:00+00:00,2766.0,413.0,19300.0
2021-04-06 00:00:00+00:00,3477.0,550.0,15973.0
2021-04-07 00:00:00+00:00,4134.0,709.0,29195.0
2021-04-08 00:00:00+00:00,3078.0,473.0,40580.0
2021-04-09 00:00:00+00:00,2533.0,497.0,23638.0
2021-04-10 00:00:00+00:00,73.0,17.0,694.0
2021-04-14 00:00:00+00:00,3019.0,788.0,34707.0
2021-04-15 00:00:00+00:00,38059.0,988.0,66188.0
2021-04-16 00:00:00+00:00,5875.0,1318.0,41018.0
2021-04-17 00:00:00+00:00,23887.0,1270.0,52947.0
2021-04-18 00:00:00+00:00,5068.0,1138.0,45282.0
2021-04-19 00:00:00+00:00,8288.0,1256.0,80041.0
2021-04-20 00:00:00+00:00,5756.0,1390.0,74788.0
2021-04-21 00:00:00+00:00,15295.0,1112.0,39538.0
2021-04-22 00:00:00+00:00,5749.0,1210.0,22935.0
2021-04-23 00:00:00+00:00,6018.0,1094.0,48955.0
2021-04-24 00:00:00+00:00,5345.0,1140.0,53774.0
2021-04-25 00:00:00+00:00,5492.0,1031.0,60143.0
2021-04-26 00:00:00+00:00,11039.0,1001.0,48130.0
2021-04-27 00:00:00+00:00,13155.0,998.0,37277.0
2021-04-28 00:00:00+00:00,6164.0,1039.0,51391.0
2021-04-29 00:00:00+00:00,11749.0,1016.0,59026.0
2021-04-30 00:00:00+00:00,6937.0,1003.0,100407.0
2021-05-01 00:00:00+00:00,7832.0,1037.0,84399.0
2021-05-02 00:00:00+00:00,6078.0,1032.0,47897.0
2021-05-03 00:00:00+00:00,29022.0,1100.0,68036.0
2021-05-04 00:00:00+00:00,4681.0,1248.0,22813.0
2021-05-05 00:00:00+00:00,5812.0,1318.0,57562.0
2021-05-06 00:00:00+00:00,5228.0,1206.0,44507.0
2021-05-07 00:00:00+00:00,10387.0,1188.0,107507.0
2021-05-08 00:00:00+00:00,5493.0,1280.0,67654.0
2021-05-09 00:00:00+00:00,4981.0,1378.0,38908.0
2021-05-10 00:00:00+00:00,5479.0,1129.0,73627.0
2021-05-11 00:00:00+00:00,5963.0,1215.0,49469.0
2021-05-12 00:00:00+00:00,27113.0,1117.0,73394.0
2021-05-13 00:00:00+00:00,28106.0,1238.0,41351.0
2021-05-14 00:00:00+00:00,7992.0,1149.0,78630.0
2021-05-15 00:00:00+00:00,1396.0,476.0,4222.0
2021-05-16 00:00:00+00:00,322.0,4158.0,4674.0
2021-05-17 00:00:00+00:00,34.0,4317.0,4402.0
2021-05-18 00:00:00+00:00,17.0,3366.0,3409.0
2021-05-19 00:00:00+00:00,203.0,8541.0,9433.0
2021-05-20 00:00:00+00:00,615.0,5410.0,7682.0
2021-05-21 00:00:00+00:00,434.0,3385.0,4516.0
2021-05-22 00:00:00+00:00,231.0,3063.0,3822.0
2021-05-23 00:00:00+00:00,616.0,4033.0,5698.0
2021-05-24 00:00:00+00:00,473.0,3527.0,6020.0
2021-05-25 00:00:00+00:00,616.0,4191.0,5464.0
2021-05-26 00:00:00+00:00,193.0,2748.0,3190.0
2021-05-27 00:00:00+00:00,101.0,2212.0,2557.0
2021-05-28 00:00:00+00:00,68.0,2194.0,2478.0
2021-05-29 00:00:00+00:00,120.0,2442.0,2716.0
2021-05-30 00:00:00+00:00,98.0,1952.0,2126.0
2021-05-31 00:00:00+00:00,140.0,2084.0,2527.0
2021-06-01 00:00:00+00:00,171.0,2403.0,3096.0
2021-06-02 00:00:00+00:00,406.0,4169.0,5755.0
2021-06-03 00:00:00+00:00,199.0,2879.0,3472.0
2021-06-04 00:00:00+00:00,299.0,2940.0,3712.0
2021-06-05 00:00:00+00:00,128.0,2139.0,2433.0
2021-06-06 00:00:00+00:00,114.0,1855.0,2187.0
2021-06-07 00:00:00+00:00,46.0,1582.0,1730.0
2021-06-08 00:00:00+00:00,162.0,2517.0,2977.0
2021-06-09 00:00:00+00:00,65.0,1855.0,2053.0
2021-06-10 00:00:00+00:00,400.0,1742.0,5517.0
2021-06-11 00:00:00+00:00,388.0,1447.0,2556.0
2021-06-12 00:00:00+00:00,334.0,1529.0,3024.0
2021-06-13 00:00:00+00:00,217.0,1417.0,3270.0
2021-06-14 00:00:00+00:00,238.0,1516.0,2058.0
2021-06-15 00:00:00+00:00,53.0,1235.0,1286.0
2021-06-16 00:00:00+00:00,80.0,1199.0,1248.0
2021-06-17 00:00:00+00:00,100.0,1163.0,1574.0
2021-06-18 00:00:00+00:00,378.0,1700.0,2218.0
2021-06-19 00:00:00+00:00,669.0,1204.0,9652.0
2021-06-20 00:00:00+00:00,843.0,1508.0,7664.0
2021-06-21 00:00:00+00:00,777.0,2783.0,5381.0
2021-06-22 00:00:00+00:00,288.0,3572.0,4449.0
2021-06-23 00:00:00+00:00,464.0,2057.0,3583.0
2021-06-24 00:00:00+00:00,98.0,1274.0,1693.0
2021-06-25 00:00:00+00:00,331.0,1743.0,2943.0
2021-06-26 00:00:00+00:00,116.0,898.0,1328.0
2021-06-27 00:00:00+00:00,20.0,884.0,926.0
2021-06-28 00:00:00+00:00,107.0,879.0,1572.0
2021-06-29 00:00:00+00:00,72.0,882.0,1344.0
2021-06-30 00:00:00+00:00,15.0,807.0,841.0
2021-07-01 00:00:00+00:00,34.0,978.0,1010.0
2021-07-02 00:00:00+00:00,20.0,799.0,812.0
2021-07-03 00:00:00+00:00,698.0,724.0,8003.0
2021-07-04 00:00:00+00:00,11.0,635.0,649.0
2021-07-05 00:00:00+00:00,56.0,626.0,908.0
2021-07-06 00:00:00+00:00,35.0,657.0,728.0
2021-07-07 00:00:00+00:00,31.0,683.0,718.0
2021-07-08 00:00:00+00:00,204.0,999.0,1587.0
2021-07-09 00:00:00+00:00,222.0,917.0,2313.0
2021-07-10 00:00:00+00:00,171.0,614.0,1331.0
2021-07-11 00:00:00+00:00,5128.0,629.0,50989.0
2021-07-12 00:00:00+00:00,7979.0,667.0,52861.0
2021-07-13 00:00:00+00:00,7603.0,733.0,61840.0
2021-07-14 00:00:00+00:00,8307.0,872.0,57487.0
2021-07-15 00:00:00+00:00,11640.0,874.0,56907.0
2021-07-16 00:00:00+00:00,5597.0,979.0,17995.0
2021-07-17 00:00:00+00:00,27.0,1212.0,1310.0
2021-07-18 00:00:00+00:00,20.0,602.0,622.0
2021-07-19 00:00:00+00:00,29.0,645.0,664.0
2021-07-20 00:00:00+00:00,29.0,995.0,1044.0
2021-07-21 00:00:00+00:00,41.0,1038.0,1127.0
2021-07-22 00:00:00+00:00,17.0,626.0,654.0
2021-07-23 00:00:00+00:00,16.0,582.0,605.0
2021-07-24 00:00:00+00:00,15.0,647.0,675.0
2021-07-25 00:00:00+00:00,104.0,590.0,1067.0
2021-07-26 00:00:00+00:00,9922.0,1024.0,66526.0
2021-07-27 00:00:00+00:00,7255.0,619.0,48150.0
2021-07-28 00:00:00+00:00,7172.0,745.0,49559.0
2021-07-29 00:00:00+00:00,6370.0,547.0,48773.0
2021-07-30 00:00:00+00:00,6999.0,545.0,42079.0
2021-07-31 00:00:00+00:00,2319.0,477.0,15413.0
2021-08-01 00:00:00+00:00,4088.0,536.0,29078.0
2021-08-02 00:00:00+00:00,5180.0,496.0,39402.0
2021-08-03 00:00:00+00:00,5101.0,615.0,38867.0
2021-08-04 00:00:00+00:00,7285.0,455.0,40902.0
2021-08-05 00:00:00+00:00,4840.0,480.0,39608.0
2021-08-06 00:00:00+00:00,5427.0,556.0,35066.0
2021-08-07 00:00:00+00:00,11679.0,1100.0,80963.0
2021-08-08 00:00:00+00:00,10497.0,1156.0,77656.0
2021-08-09 00:00:00+00:00,5865.0,625.0,48311.0
2021-08-10 00:00:00+00:00,5642.0,619.0,41433.0
2021-08-11 00:00:00+00:00,7178.0,816.0,62772.0
2021-08-12 00:00:00+00:00,6643.0,657.0,44292.0
2021-08-13 00:00:00+00:00,7855.0,512.0,43733.0
2021-08-14 00:00:00+00:00,9496.0,781.0,45922.0
2021-08-15 00:00:00+00:00,14154.0,1434.0,80320.0
2021-08-16 00:00:00+00:00,11654.0,1155.0,62135.0
2021-08-17 00:00:00+00:00,7947.0,682.0,54565.0
2021-08-18 00:00:00+00:00,7589.0,799.0,49684.0
2021-08-19 00:00:00+00:00,8798.0,553.0,41308.0
2021-08-20 00:00:00+00:00,9633.0,670.0,36984.0
2021-08-21 00:00:00+00:00,8763.0,541.0,35757.0
2021-08-22 00:00:00+00:00,6146.0,447.0,26383.0
2021-08-23 00:00:00+00:00,6303.0,502.0,33558.0
2021-08-24 00:00:00+00:00,6972.0,536.0,33508.0
2021-08-25 00:00:00+00:00,8597.0,435.0,29875.0
2021-08-26 00:00:00+00:00,8367.0,474.0,27883.0
2021-08-27 00:00:00+00:00,7405.0,479.0,31186.0
2021-08-28 00:00:00+00:00,5933.0,379.0,23655.0
2021-08-29 00:00:00+00:00,4243.0,363.0,24393.0
2021-08-30 00:00:00+00:00,7256.0,392.0,34653.0
2021-08-31 00:00:00+00:00,7066.0,442.0,25922.0
2021-09-01 00:00:00+00:00,11389.0,566.0,35456.0
2021-09-02 00:00:00+00:00,6124.0,612.0,31002.0
2021-09-03 00:00:00+00:00,5804.0,477.0,30560.0
2021-09-04 00:00:00+00:00,6504.0,390.0,25263.0
2021-09-05 00:00:00+00:00,7248.0,443.0,25016.0
2021-09-06 00:00:00+00:00,6314.0,431.0,26282.0
2021-09-07 00:00:00+00:00,10390.0,636.0,31946.0
2021-09-08 00:00:00+00:00,4635.0,396.0,23475.0
2021-09-09 00:00:00+00:00,6260.0,370.0,42714.0
2021-09-10 00:00:00+00:00,5288.0,349.0,17864.0
2021-09-11 00:00:00+00:00,5962.0,357.0,26149.0
2021-09-12 00:00:00+00:00,5762.0,405.0,23202.0
2021-09-13 00:00:00+00:00,5559.0,391.0,27306.0
2021-09-14 00:00:00+00:00,4708.0,278.0,20825.0
2021-09-15 00:00:00+00:00,5002.0,324.0,32960.0
2021-09-16 00:00:00+00:00,4089.0,320.0,19670.0
2021-09-17 00:00:00+00:00,5024.0,371.0,29081.0
2021-09-18 00:00:00+00:00,4392.0,281.0,21354.0
2021-09-19 00:00:00+00:00,3719.0,285.0,19362.0
2021-09-20 00:00:00+00:00,7241.0,470.0,27043.0
2021-09-21 00:00:00+00:00,5737.0,451.0,26426.0
2021-09-22 00:00:00+00:00,6751.0,695.0,25478.0
2021-09-23 00:00:00+00:00,6799.0,509.0,34951.0
2021-09-24 00:00:00+00:00,5885.0,444.0,26543.0
2021-09-25 00:00:00+00:00,5258.0,313.0,19681.0
2021-09-26 00:00:00+00:00,3428.0,260.0,26515.0
2021-09-27 00:00:00+00:00,3815.0,268.0,22383.0
2021-09-28 00:00:00+00:00,4542.0,331.0,24125.0
2021-09-29 00:00:00+00:00,5363.0,310.0,17569.0
2021-09-30 00:00:00+00:00,6256.0,340.0,28066.0
2021-10-01 00:00:00+00:00,4779.0,436.0,25366.0
2021-10-02 00:00:00+00:00,4946.0,327.0,24037.0
2021-10-03 00:00:00+00:00,4056.0,246.0,18850.0
2021-10-04 00:00:00+00:00,6445.0,461.0,30668.0
2021-10-05 00:00:00+00:00,6138.0,564.0,34895.0
2021-10-06 00:00:00+00:00,5180.0,501.0,38357.0
2021-10-07 00:00:00+00:00,5200.0,364.0,25408.0
2021-10-08 00:00:00+00:00,5927.0,358.0,20686.0
2021-10-09 00:00:00+00:00,5209.0,296.0,20792.0
2021-10-10 00:00:00+00:00,4830.0,331.0,21109.0
2021-10-11 00:00:00+00:00,6872.0,365.0,24008.0
2021-10-12 00:00:00+00:00,5308.0,376.0,29930.0
2021-10-13 00:00:00+00:00,6124.0,341.0,27286.0
2021-10-14 00:00:00+00:00,5074.0,406.0,24890.0
2021-10-15 00:00:00+00:00,7479.0,456.0,25553.0
2021-10-16 00:00:00+00:00,5093.0,379.0,24953.0
2021-10-17 00:00:00+00:00,4600.0,313.0,25634.0
2021-10-18 00:00:00+00:00,7293.0,548.0,37084.0
2021-10-19 00:00:00+00:00,4956.0,377.0,18889.0
2021-10-20 00:00:00+00:00,7568.0,531.0,38192.0
2021-10-21 00:00:00+00:00,5484.0,428.0,20363.0
2021-10-22 00:00:00+00:00,6467.0,459.0,28637.0
2021-10-23 00:00:00+00:00,3838.0,328.0,20876.0
2021-10-24 00:00:00+00:00,7712.0,602.0,35566.0
2021-10-25 00:00:00+00:00,7391.0,557.0,34404.0
2021-10-26 00:00:00+00:00,9086.0,475.0,26940.0
2021-10-27 00:00:00+00:00,11874.0,640.0,36644.0
2021-10-28 00:00:00+00:00,15619.0,1458.0,58637.0
2021-10-29 00:00:00+00:00,8116.0,540.0,29486.0
2021-10-30 00:00:00+00:00,7195.0,541.0,26999.0
2021-10-31 00:00:00+00:00,8880.0,467.0,31105.0
2021-11-01 00:00:00+00:00,6687.0,490.0,23642.0
2021-11-02 00:00:00+00:00,9293.0,503.0,29834.0
2021-11-03 00:00:00+00:00,6764.0,459.0,22520.0
2021-11-04 00:00:00+00:00,7545.0,408.0,27547.0
2021-11-05 00:00:00+00:00,5669.0,367.0,21109.0
2021-11-06 00:00:00+00:00,5319.0,347.0,20376.0
2021-11-07 00:00:00+00:00,5607.0,321.0,27437.0
2021-11-08 00:00:00+00:00,8667.0,534.0,31340.0
2021-11-09 00:00:00+00:00,8196.0,478.0,30402.0
2021-11-10 00:00:00+00:00,10223.0,523.0,24746.0
2021-11-11 00:00:00+00:00,11331.0,424.0,25545.0
2021-11-12 00:00:00+00:00,4301.0,429.0,9195.0
2021-11-13 00:00:00+00:00,0.0,31.0,31.0
