Date,num_comments,num_posts,upvotes,Open,High,Low,Close,Volume,Market Cap
2021-01-01 00:00:00+00:00,1817.0,133.0,2402.0,737.71,749.2,719.79,730.37,13652004358.0,83318539689.0
2021-01-02 00:00:00+00:00,3182.0,177.0,2736.0,730.4,786.8,718.11,774.53,19740771179.0,88367612520.0
2021-01-03 00:00:00+00:00,6724.0,257.0,7058.0,774.51,1006.57,771.56,975.51,45200463368.0,111309985611.0
2021-01-04 00:00:00+00:00,5481.0,326.0,6326.0,977.06,1153.19,912.31,1040.23,56945985763.0,118709509272.0
2021-01-05 00:00:00+00:00,4173.0,285.0,5268.0,1041.5,1129.37,986.81,1100.01,41535932781.0,125545618320.0
2021-01-06 00:00:00+00:00,5160.0,320.0,4953.0,1101.0,1209.43,1064.23,1207.11,44699914188.0,137786204517.0
2021-01-07 00:00:00+00:00,4539.0,290.0,5635.0,1208.08,1282.58,1167.44,1225.68,40468027280.0,139921813992.0
2021-01-08 00:00:00+00:00,3766.0,278.0,3373.0,1225.97,1273.83,1076.08,1224.2,44334826666.0,139769385933.0
2021-01-09 00:00:00+00:00,4158.0,232.0,3758.0,1223.74,1303.87,1182.27,1281.08,33233105361.0,146280792179.0
2021-01-10 00:00:00+00:00,4253.0,260.0,4096.0,1280.87,1347.93,1194.72,1262.25,40616938053.0,144147690009.0
2021-01-11 00:00:00+00:00,4620.0,310.0,4898.0,1261.62,1261.62,924.92,1090.15,60733630300.0,124508608482.0
2021-01-12 00:00:00+00:00,3617.0,260.0,4943.0,1088.53,1149.24,1012.76,1043.43,37494601692.0,119187795980.0
2021-01-13 00:00:00+00:00,2933.0,277.0,3560.0,1043.74,1134.34,994.55,1130.74,30109792795.0,129175741557.0
2021-01-14 00:00:00+00:00,3492.0,276.0,5018.0,1130.23,1244.16,1093.06,1218.45,33410915929.0,139212433452.0
2021-01-15 00:00:00+00:00,3044.0,255.0,3345.0,1221.88,1250.51,1090.72,1171.83,35972039310.0,133902070141.0
2021-01-16 00:00:00+00:00,2964.0,224.0,3522.0,1171.44,1290.05,1157.62,1233.54,32319240157.0,140969419372.0
2021-01-17 00:00:00+00:00,2711.0,184.0,3222.0,1233.45,1265.64,1174.39,1230.17,29258032819.0,140601384430.0
2021-01-18 00:00:00+00:00,3475.0,257.0,4154.0,1230.31,1259.45,1187.31,1257.28,25817455560.0,143716601983.0
2021-01-19 00:00:00+00:00,5327.0,389.0,5549.0,1257.43,1432.3,1254.52,1377.3,47195935190.0,157454089945.0
2021-01-20 00:00:00+00:00,3804.0,323.0,3815.0,1375.25,1405.74,1243.3,1382.27,46784030909.0,158042129137.0
2021-01-21 00:00:00+00:00,4464.0,300.0,4100.0,1382.68,1382.68,1098.48,1121.57,45932464754.0,128249677791.0
2021-01-22 00:00:00+00:00,3631.0,283.0,4085.0,1118.89,1271.69,1046.6,1236.51,43918338506.0,141409699225.0
2021-01-23 00:00:00+00:00,2837.0,200.0,3306.0,1235.27,1272.15,1200.89,1230.99,27253895441.0,140794949838.0
2021-01-24 00:00:00+00:00,4067.0,229.0,3928.0,1231.21,1395.11,1225.27,1391.61,36418163554.0,159184556292.0
2021-01-25 00:00:00+00:00,3578.0,325.0,6090.0,1390.64,1467.78,1304.97,1324.41,43565777745.0,151516304275.0
2021-01-26 00:00:00+00:00,2869.0,216.0,4114.0,1323.74,1376.09,1253.34,1357.06,41572917750.0,155269118237.0
2021-01-27 00:00:00+00:00,728.0,136.0,1873.0,1358.33,1368.07,1215.31,1253.19,39394416990.0,143401382573.0
2021-01-28 00:00:00+00:00,5088.0,382.0,11492.0,1251.28,1356.29,1226.17,1332.49,34637234789.0,152494242714.0
2021-01-29 00:00:00+00:00,5785.0,599.0,8949.0,1369.09,1428.98,1292.24,1382.52,53611955259.0,158238360146.0
2021-01-30 00:00:00+00:00,4984.0,566.0,11692.0,1382.23,1402.4,1328.53,1376.12,30616574234.0,157523498333.0
2021-01-31 00:00:00+00:00,4264.0,476.0,14485.0,1376.82,1378.92,1288.5,1314.99,25198853581.0,150543956657.0
2021-02-01 00:00:00+00:00,4327.0,474.0,12272.0,1314.86,1373.85,1274.36,1369.04,29210670920.0,156750867717.0
2021-02-02 00:00:00+00:00,6196.0,606.0,9652.0,1369.51,1542.99,1362.77,1515.19,45437142801.0,173505318779.0
2021-02-03 00:00:00+00:00,7262.0,622.0,12408.0,1514.77,1660.91,1510.01,1660.91,41874566399.0,190213812447.0
2021-02-04 00:00:00+00:00,6397.0,567.0,15550.0,1661.17,1689.19,1561.85,1594.76,44396871836.0,182660183410.0
2021-02-05 00:00:00+00:00,40.0,14.0,26.0,1594.79,1756.51,1594.79,1718.65,40108628454.0,196873128687.0
2021-02-08 00:00:00+00:00,1759.0,262.0,3355.0,1613.64,1770.59,1571.58,1746.62,48012285956.0,200147673571.0
2021-02-09 00:00:00+00:00,6681.0,540.0,13472.0,1746.93,1815.96,1711.62,1768.04,44180727529.0,202625894959.0
2021-02-10 00:00:00+00:00,4650.0,405.0,8134.0,1768.04,1826.7,1686.54,1744.24,41916084617.0,199922942888.0
2021-02-11 00:00:00+00:00,4878.0,493.0,7160.0,1743.71,1806.54,1708.68,1783.8,36021495262.0,204480686291.0
2021-02-12 00:00:00+00:00,6132.0,461.0,14930.0,1783.49,1861.36,1744.17,1843.53,37905036865.0,211353402278.0
2021-02-13 00:00:00+00:00,5165.0,426.0,14785.0,1843.99,1871.6,1770.61,1814.11,35359490535.0,208004282358.0
2021-02-14 00:00:00+00:00,4907.0,388.0,16258.0,1814.37,1848.15,1789.91,1805.08,31439114900.0,206994111570.0
2021-02-15 00:00:00+00:00,4663.0,464.0,12616.0,1804.68,1833.83,1683.91,1779.79,38955610883.0,204117703894.0
2021-02-16 00:00:00+00:00,3820.0,305.0,7436.0,1778.95,1824.52,1729.64,1781.07,34269369268.0,204288110917.0
2021-02-17 00:00:00+00:00,3631.0,157.0,4787.0,1781.35,1853.67,1736.71,1848.46,35955412703.0,212042961268.0
2021-02-18 00:00:00+00:00,6490.0,594.0,15025.0,1848.21,1949.9,1848.21,1937.45,28255902969.0,222277377811.0
2021-02-19 00:00:00+00:00,7663.0,612.0,13090.0,1938.86,1969.55,1896.68,1960.16,26268814253.0,224910293534.0
2021-02-20 00:00:00+00:00,6614.0,548.0,15583.0,1959.9,2036.29,1830.53,1919.53,34696091102.0,220274162486.0
2021-02-21 00:00:00+00:00,5671.0,525.0,11939.0,1918.67,1974.26,1890.37,1935.6,23626547717.0,222144116574.0
2021-02-22 00:00:00+00:00,6169.0,580.0,9587.0,1935.56,1936.45,1580.63,1781.99,42409646036.0,204538978050.0
2021-02-23 00:00:00+00:00,6965.0,602.0,13475.0,1781.41,1781.41,1378.84,1570.2,52029864713.0,180251030148.0
2021-02-24 00:00:00+00:00,6061.0,520.0,12526.0,1571.48,1710.98,1511.02,1626.58,31329000537.0,186743952486.0
2021-02-25 00:00:00+00:00,5376.0,508.0,10890.0,1625.39,1670.22,1465.06,1475.7,24481681873.0,169442679395.0
2021-02-26 00:00:00+00:00,6275.0,547.0,11185.0,1478.65,1559.03,1407.98,1446.03,31435997881.0,166055498546.0
2021-02-27 00:00:00+00:00,5419.0,414.0,13072.0,1446.93,1524.93,1433.79,1459.97,20742103233.0,167675937684.0
2021-02-28 00:00:00+00:00,1342.0,145.0,2124.0,1459.86,1468.39,1300.47,1416.05,27637026080.0,162650415374.0
2021-03-02 00:00:00+00:00,1312.0,158.0,4400.0,1564.06,1597.61,1461.33,1492.61,22523669722.0,171484736319.0
2021-03-03 00:00:00+00:00,4968.0,512.0,13773.0,1491.45,1650.36,1481.91,1575.85,22674780680.0,181069778316.0
2021-03-04 00:00:00+00:00,4763.0,474.0,10099.0,1574.62,1622.95,1511.1,1541.91,22906118718.0,177191062441.0
2021-03-05 00:00:00+00:00,2359.0,142.0,2743.0,1541.54,1547.88,1450.89,1533.27,21067146937.0,176219185802.0
2021-03-07 00:00:00+00:00,393.0,43.0,2698.0,1655.39,1730.92,1636.56,1723.15,23809935410.0,198088541070.0
2021-03-08 00:00:00+00:00,1215.0,187.0,4835.0,1724.23,1835.19,1670.94,1834.73,27630991158.0,210939589076.0
2021-03-09 00:00:00+00:00,5617.0,528.0,12702.0,1835.15,1868.05,1804.27,1868.05,23461244507.0,214795762868.0
2021-03-10 00:00:00+00:00,4396.0,455.0,9859.0,1868.49,1873.8,1766.49,1799.17,25154173185.0,206899711010.0
2021-03-11 00:00:00+00:00,4882.0,448.0,9605.0,1798.03,1843.82,1734.62,1826.19,24013132909.0,210032453964.0
2021-03-12 00:00:00+00:00,4537.0,413.0,9250.0,1826.55,1839.5,1728.98,1772.1,22435821312.0,203835039480.0
2021-03-13 00:00:00+00:00,4731.0,425.0,9967.0,1772.17,1937.65,1733.64,1924.69,25014689475.0,221411849363.0
2021-03-14 00:00:00+00:00,3753.0,388.0,5018.0,1923.86,1930.78,1845.12,1854.56,19344589211.0,213370626930.0
2021-03-15 00:00:00+00:00,4443.0,425.0,8063.0,1854.09,1889.2,1749.61,1791.7,26244738810.0,206162475256.0
2021-03-16 00:00:00+00:00,4658.0,442.0,7972.0,1792.41,1817.06,1720.05,1806.97,23828509590.0,207943962562.0
2021-03-17 00:00:00+00:00,4211.0,361.0,10403.0,1807.06,1839.82,1749.18,1823.45,24512917348.0,209864815743.0
2021-03-27 00:00:00+00:00,299.0,32.0,1081.0,1703.04,1732.82,1674.32,1716.49,18102277710.0,197787142643.0
2021-03-28 00:00:00+00:00,3058.0,303.0,7661.0,1716.41,1728.58,1672.66,1691.36,16599472938.0,194913443083.0
2021-03-29 00:00:00+00:00,4915.0,421.0,10869.0,1691.26,1837.19,1683.72,1819.68,22796570548.0,209726738382.0
2021-03-30 00:00:00+00:00,4196.0,372.0,8061.0,1819.47,1860.97,1793.92,1846.03,22512781703.0,212788788571.0
2021-03-31 00:00:00+00:00,4871.0,377.0,9795.0,1846.1,1947.84,1793.0,1918.36,30226902621.0,221151811159.0
2021-04-01 00:00:00+00:00,5201.0,468.0,11257.0,1919.16,1989.06,1912.18,1977.28,30914259795.0,227970125751.0
2021-04-02 00:00:00+00:00,6025.0,511.0,12089.0,1976.93,2152.45,1960.68,2143.23,34862511022.0,247132282844.0
2021-04-03 00:00:00+00:00,3961.0,417.0,7998.0,2142.9,2144.96,2028.42,2028.42,32011518871.0,233921770622.0
2021-04-04 00:00:00+00:00,4271.0,369.0,11179.0,2027.67,2110.35,2007.11,2093.12,26006501902.0,241411837678.0
2021-04-05 00:00:00+00:00,4376.0,408.0,10352.0,2093.26,2140.99,2032.39,2107.89,28889391170.0,243143128760.0
2021-04-06 00:00:00+00:00,4660.0,422.0,10546.0,2109.49,2151.22,2057.61,2118.38,29222865881.0,244382061190.0
2021-04-07 00:00:00+00:00,5541.0,500.0,12947.0,2117.73,2133.19,1945.44,1971.08,36116271935.0,227414944867.0
2021-04-08 00:00:00+00:00,4397.0,393.0,8225.0,1969.13,2091.52,1959.08,2088.57,25312956529.0,241000078758.0
2021-04-09 00:00:00+00:00,4139.0,427.0,6518.0,2088.77,2102.87,2055.16,2072.11,19812472092.0,239127946688.0
2021-04-10 00:00:00+00:00,133.0,11.0,897.0,2071.11,2197.0,2062.79,2135.94,24986243611.0,246523420885.0
2021-04-14 00:00:00+00:00,5871.0,412.0,10569.0,2299.35,2449.69,2284.56,2435.11,35592822986.0,281183637540.0
2021-04-15 00:00:00+00:00,7377.0,578.0,16347.0,2436.03,2544.27,2409.92,2519.12,32325606817.0,290918491377.0
2021-04-16 00:00:00+00:00,6618.0,469.0,14643.0,2516.6,2547.56,2318.68,2431.95,36196928256.0,280884355082.0
2021-04-17 00:00:00+00:00,4885.0,443.0,10110.0,2429.98,2497.39,2333.68,2344.89,32349808978.0,270861474697.0
2021-04-18 00:00:00+00:00,4963.0,486.0,11553.0,2346.45,2365.46,2011.77,2237.14,50696368718.0,258444691650.0
2021-04-19 00:00:00+00:00,4746.0,486.0,15982.0,2238.03,2276.78,2086.69,2166.19,34060654971.0,250277144257.0
2021-04-20 00:00:00+00:00,5389.0,520.0,11786.0,2161.94,2345.84,2060.14,2330.21,39433483315.0,269259968844.0
2021-04-21 00:00:00+00:00,6234.0,534.0,14570.0,2331.16,2467.2,2238.37,2364.75,38899067643.0,273282959377.0
2021-04-22 00:00:00+00:00,7832.0,617.0,10255.0,2357.87,2641.09,2315.96,2403.54,53575904724.0,277797467179.0
2021-04-23 00:00:00+00:00,6187.0,538.0,15654.0,2401.26,2439.54,2117.04,2363.59,55413933925.0,273212191169.0
2021-04-24 00:00:00+00:00,5339.0,512.0,18737.0,2367.2,2367.74,2163.69,2211.63,31854226936.0,255676477656.0
2021-04-25 00:00:00+00:00,5860.0,480.0,13198.0,2214.41,2354.09,2172.52,2316.06,31814355546.0,267780847561.0
2021-04-26 00:00:00+00:00,6531.0,564.0,11102.0,2319.48,2536.34,2308.32,2534.48,35208325408.0,293069092286.0
2021-04-27 00:00:00+00:00,8133.0,575.0,18828.0,2534.03,2676.39,2485.38,2662.87,32275969215.0,307950352777.0
2021-04-28 00:00:00+00:00,6921.0,630.0,13094.0,2664.69,2757.48,2564.08,2746.38,34269031076.0,317645696234.0
2021-04-29 00:00:00+00:00,7051.0,594.0,11998.0,2748.65,2797.97,2672.11,2756.88,32578127990.0,318896956051.0
2021-04-30 00:00:00+00:00,6691.0,565.0,17637.0,2757.73,2796.05,2728.17,2773.21,29777179889.0,320822874721.0
2021-05-01 00:00:00+00:00,6676.0,542.0,17655.0,2772.84,2951.44,2755.91,2945.89,28726205272.0,340840444354.0
2021-05-02 00:00:00+00:00,6280.0,459.0,17709.0,2945.56,2984.89,2860.53,2952.06,28032013047.0,341593133886.0
2021-05-03 00:00:00+00:00,10742.0,687.0,22271.0,2951.18,3450.04,2951.18,3431.09,49174290212.0,397069786479.0
2021-05-04 00:00:00+00:00,7463.0,642.0,11876.0,3431.13,3523.59,3180.74,3253.63,62402045158.0,376577399574.0
2021-05-05 00:00:00+00:00,8919.0,580.0,20011.0,3240.55,3541.46,3213.1,3522.78,48334198383.0,407777080466.0
2021-05-06 00:00:00+00:00,4430.0,567.0,11549.0,3524.93,3598.9,3386.24,3490.88,44300394788.0,404131394792.0
2021-05-07 00:00:00+00:00,6862.0,516.0,17207.0,3490.11,3573.29,3370.26,3484.73,39607240515.0,403465702897.0
2021-05-08 00:00:00+00:00,8488.0,498.0,18806.0,3481.99,3950.16,3453.77,3902.65,50208491286.0,451905650094.0
2021-05-09 00:00:00+00:00,8199.0,547.0,21737.0,3911.46,3981.26,3743.99,3928.84,50568290278.0,454991994900.0
2021-05-10 00:00:00+00:00,9392.0,702.0,26988.0,3924.41,4197.47,3684.45,3952.29,62691789007.0,457761219807.0
2021-05-11 00:00:00+00:00,8416.0,655.0,20249.0,3948.27,4178.21,3783.89,4168.7,52679737865.0,482881900491.0
2021-05-12 00:00:00+00:00,11077.0,763.0,22154.0,4174.64,4362.35,3785.85,3785.85,69023382175.0,438585075674.0
2021-05-13 00:00:00+00:00,9771.0,711.0,26945.0,3828.92,4032.56,3549.41,3715.15,78398214539.0,430445282301.0
2021-05-14 00:00:00+00:00,8197.0,579.0,15531.0,3720.12,4171.02,3703.4,4079.06,48174271215.0,472663570788.0
2021-05-15 00:00:00+00:00,2566.0,203.0,3247.0,4075.95,4129.19,3638.12,3638.12,42422321751.0,421619090683.0
2021-05-16 00:00:00+00:00,76.0,619.0,692.0,3641.83,3878.9,3350.95,3587.51,47359478734.0,415801534962.0
2021-05-17 00:00:00+00:00,25.0,845.0,855.0,3581.34,3587.77,3129.01,3282.4,54061732774.0,380482843865.0
2021-05-18 00:00:00+00:00,23.0,720.0,726.0,3276.87,3562.47,3246.4,3380.07,40416525218.0,391850295263.0
2021-05-19 00:00:00+00:00,43.0,1310.0,1348.0,3382.66,3437.94,1952.46,2460.68,84482912776.0,285298709245.0
2021-05-20 00:00:00+00:00,86.0,905.0,970.0,2439.64,2993.15,2170.23,2784.29,67610826680.0,322857390499.0
2021-05-21 00:00:00+00:00,76.0,731.0,791.0,2772.34,2938.21,2113.35,2430.62,53774070802.0,281879243639.0
2021-05-22 00:00:00+00:00,51.0,659.0,696.0,2436.01,2483.98,2168.12,2295.71,42089937660.0,266263966984.0
2021-05-23 00:00:00+00:00,100.0,780.0,863.0,2298.37,2384.41,1737.47,2109.58,56005721977.0,244704904961.0
2021-05-24 00:00:00+00:00,74.0,712.0,760.0,2099.94,2672.6,2090.64,2643.59,53697121740.0,306684156290.0
2021-05-25 00:00:00+00:00,75.0,655.0,697.0,2649.03,2750.53,2394.36,2706.63,49558333256.0,314033309034.0
2021-05-26 00:00:00+00:00,43.0,611.0,634.0,2707.05,2911.74,2652.09,2888.7,42499766020.0,335196485646.0
2021-05-27 00:00:00+00:00,32.0,531.0,540.0,2888.75,2888.75,2642.61,2736.49,33373635283.0,317571010585.0
2021-05-28 00:00:00+00:00,24.0,522.0,519.0,2742.47,2761.36,2336.36,2419.91,39999114805.0,280864129343.0
2021-05-29 00:00:00+00:00,28.0,527.0,539.0,2414.07,2566.94,2208.49,2279.51,33773720220.0,264600384052.0
2021-05-30 00:00:00+00:00,25.0,447.0,458.0,2278.29,2472.19,2188.83,2390.31,25876619428.0,277492990927.0
2021-05-31 00:00:00+00:00,40.0,517.0,531.0,2387.2,2715.86,2279.51,2714.95,31007383150.0,315217277483.0
2021-06-01 00:00:00+00:00,38.0,534.0,551.0,2707.56,2739.74,2531.16,2633.52,27363223090.0,305798597367.0
2021-06-02 00:00:00+00:00,46.0,592.0,610.0,2634.46,2801.39,2555.4,2706.12,27723267359.0,314266256163.0
2021-06-03 00:00:00+00:00,44.0,646.0,661.0,2708.38,2891.25,2667.68,2855.13,30038207402.0,331608133101.0
2021-06-04 00:00:00+00:00,40.0,531.0,539.0,2857.17,2857.17,2562.64,2688.19,34173841611.0,312256566095.0
2021-06-05 00:00:00+00:00,43.0,498.0,522.0,2691.62,2817.48,2558.23,2630.58,30496672724.0,305598725249.0
2021-06-06 00:00:00+00:00,27.0,440.0,456.0,2629.75,2743.44,2616.16,2715.09,25311639414.0,315453931558.0
2021-06-07 00:00:00+00:00,35.0,569.0,579.0,2713.05,2845.19,2584.0,2590.26,30600111277.0,300985400826.0
2021-06-08 00:00:00+00:00,54.0,628.0,636.0,2594.6,2620.85,2315.55,2517.44,41909736778.0,292557075207.0
2021-06-09 00:00:00+00:00,36.0,623.0,632.0,2510.2,2625.07,2412.2,2608.27,36075832186.0,303147462062.0
2021-06-10 00:00:00+00:00,47.0,600.0,619.0,2611.14,2619.96,2435.4,2471.52,28753626390.0,287286991033.0
2021-06-11 00:00:00+00:00,94.0,480.0,497.0,2472.86,2495.41,2326.87,2353.77,24832564195.0,273631367135.0
2021-06-12 00:00:00+00:00,86.0,466.0,505.0,2354.75,2447.23,2265.76,2372.48,25724364410.0,275838937027.0
2021-06-13 00:00:00+00:00,158.0,462.0,1693.0,2372.69,2547.37,2312.64,2508.39,27092945370.0,291673894435.0
2021-06-14 00:00:00+00:00,83.0,575.0,822.0,2508.77,2606.43,2469.39,2537.89,26964576331.0,295112636978.0
2021-06-15 00:00:00+00:00,25.0,546.0,548.0,2587.76,2639.23,2515.15,2610.94,29005279219.0,303650794388.0
2021-06-16 00:00:00+00:00,25.0,530.0,539.0,2544.86,2554.63,2354.35,2367.66,24101926180.0,275405856979.0
2021-06-17 00:00:00+00:00,92.0,531.0,596.0,2367.31,2457.18,2312.3,2372.0,21871633186.0,275942664677.0
2021-06-18 00:00:00+00:00,83.0,533.0,554.0,2374.59,2377.2,2147.31,2231.73,22752818388.0,259654503060.0
2021-06-19 00:00:00+00:00,195.0,471.0,603.0,2235.16,2278.41,2168.88,2178.5,18765854896.0,253490067194.0
2021-06-20 00:00:00+00:00,480.0,435.0,3655.0,2171.34,2275.38,2049.96,2246.36,22535930423.0,261416943134.0
2021-06-21 00:00:00+00:00,111.0,547.0,585.0,2245.32,2259.46,1867.19,1888.45,33745173825.0,219790202020.0
2021-06-22 00:00:00+00:00,54.0,605.0,631.0,1886.67,1993.16,1707.6,1874.95,35547251725.0,218244605870.0
2021-06-23 00:00:00+00:00,280.0,534.0,1621.0,1878.63,2043.53,1827.57,1989.74,28408659206.0,231625292667.0
2021-06-24 00:00:00+00:00,29.0,464.0,477.0,1968.96,2032.34,1887.43,1988.46,20272845769.0,231509317649.0
2021-06-25 00:00:00+00:00,129.0,499.0,579.0,1989.22,2017.76,1794.4,1813.22,22774334998.0,211131091602.0
2021-06-26 00:00:00+00:00,129.0,411.0,584.0,1810.88,1850.18,1719.56,1829.24,20637542361.0,213021180909.0
2021-06-27 00:00:00+00:00,17.0,366.0,378.0,1831.0,1979.96,1811.25,1978.89,19885474742.0,230473556118.0
2021-06-28 00:00:00+00:00,155.0,451.0,643.0,1981.39,2139.81,1963.62,2079.66,25514602841.0,242239400958.0
2021-06-29 00:00:00+00:00,70.0,475.0,555.0,2083.45,2242.24,2076.24,2160.77,24815124419.0,251715870101.0
2021-06-30 00:00:00+00:00,17.0,451.0,464.0,2164.22,2282.99,2090.76,2274.55,25828056268.0,265001225921.0
2021-07-01 00:00:00+00:00,22.0,437.0,441.0,2274.4,2274.4,2081.08,2113.61,29061701793.0,246278235669.0
2021-07-02 00:00:00+00:00,15.0,383.0,383.0,2109.89,2155.6,2021.82,2150.04,31796212554.0,250552745326.0
2021-07-03 00:00:00+00:00,418.0,353.0,1353.0,2150.84,2237.57,2117.59,2226.11,17433361641.0,259447545608.0
2021-07-04 00:00:00+00:00,16.0,356.0,360.0,2226.55,2384.29,2190.84,2321.72,18787107473.0,270621669241.0
2021-07-05 00:00:00+00:00,165.0,379.0,412.0,2321.92,2321.92,2163.04,2198.58,20103794829.0,256297846064.0
2021-07-06 00:00:00+00:00,19.0,453.0,465.0,2197.92,2346.29,2197.92,2324.68,20891861314.0,271028619181.0
2021-07-07 00:00:00+00:00,18.0,460.0,465.0,2323.21,2403.77,2298.03,2315.16,22398345285.0,269950094549.0
2021-07-08 00:00:00+00:00,109.0,483.0,669.0,2317.95,2324.01,2089.41,2120.03,23188123689.0,247225603542.0
2021-07-09 00:00:00+00:00,192.0,423.0,548.0,2115.57,2185.38,2051.07,2146.69,23029574602.0,250363856991.0
2021-07-10 00:00:00+00:00,203.0,352.0,906.0,2147.0,2190.12,2081.92,2111.4,17581542471.0,246276605890.0
2021-07-11 00:00:00+00:00,3547.0,291.0,12499.0,2110.88,2172.65,2083.8,2139.66,14705386138.0,249601597225.0
2021-07-12 00:00:00+00:00,6113.0,401.0,18809.0,2140.51,2167.71,2011.02,2036.72,17768129077.0,237619933340.0
2021-07-13 00:00:00+00:00,5885.0,452.0,15604.0,2034.1,2040.69,1922.58,1940.08,16621628658.0,226371110382.0
2021-07-14 00:00:00+00:00,5390.0,467.0,14884.0,1941.17,2015.11,1869.22,1994.33,17342819679.0,232727182406.0
2021-07-15 00:00:00+00:00,5873.0,447.0,16322.0,1994.71,2037.74,1883.27,1911.18,15688092552.0,223049018143.0
2021-07-16 00:00:00+00:00,2396.0,409.0,5150.0,1916.6,1959.7,1853.59,1880.38,14884569147.0,219480196483.0
2021-07-17 00:00:00+00:00,10.0,348.0,353.0,1876.88,1917.6,1855.59,1898.83,13364282076.0,221657905577.0
2021-07-18 00:00:00+00:00,34.0,337.0,344.0,1900.19,1988.34,1883.01,1895.55,13791868728.0,221300983041.0
2021-07-19 00:00:00+00:00,22.0,431.0,434.0,1893.05,1916.12,1807.91,1817.3,14157735481.0,212189036787.0
2021-07-20 00:00:00+00:00,18.0,473.0,481.0,1819.08,1837.0,1722.05,1787.51,17368597636.0,208735078074.0
2021-07-21 00:00:00+00:00,28.0,459.0,473.0,1786.28,2025.68,1759.02,1990.97,21253359756.0,232520574470.0
2021-07-22 00:00:00+00:00,15.0,439.0,456.0,1994.82,2044.12,1954.3,2025.2,17495480331.0,236545322693.0
2021-07-23 00:00:00+00:00,12.0,435.0,438.0,2025.11,2129.44,2000.44,2124.78,16200392492.0,248204064165.0
2021-07-24 00:00:00+00:00,11.0,341.0,350.0,2123.96,2197.65,2107.32,2189.22,16057446601.0,255761140995.0
2021-07-25 00:00:00+00:00,140.0,350.0,516.0,2187.15,2194.44,2108.83,2191.37,14566483636.0,256042010286.0
2021-07-26 00:00:00+00:00,7539.0,528.0,18591.0,2191.31,2428.82,2177.33,2233.37,29614324233.0,260978030148.0
2021-07-27 00:00:00+00:00,6283.0,453.0,18502.0,2230.2,2316.95,2154.73,2298.33,23067480378.0,268599779831.0
2021-07-28 00:00:00+00:00,7099.0,469.0,16130.0,2302.08,2341.78,2250.91,2296.55,18991302378.0,268421055914.0
2021-07-29 00:00:00+00:00,6242.0,504.0,15200.0,2299.01,2396.45,2273.4,2380.96,16313373113.0,278318371381.0
2021-07-30 00:00:00+00:00,7062.0,524.0,18651.0,2382.55,2469.7,2322.34,2466.96,20212848934.0,288404129264.0
2021-07-31 00:00:00+00:00,2147.0,437.0,4084.0,2461.58,2551.16,2423.82,2536.21,18001710283.0,296532997873.0
2021-08-01 00:00:00+00:00,5304.0,467.0,16403.0,2530.46,2695.43,2520.93,2561.85,22697987055.0,299564961374.0
2021-08-02 00:00:00+00:00,7248.0,476.0,20327.0,2557.77,2665.73,2511.38,2610.15,22162754104.0,305247273085.0
2021-08-03 00:00:00+00:00,7171.0,510.0,20681.0,2609.41,2630.31,2449.35,2502.35,22696753413.0,292673137937.0
2021-08-04 00:00:00+00:00,8537.0,574.0,19787.0,2508.54,2764.44,2463.47,2724.62,25038698173.0,318705809705.0
2021-08-05 00:00:00+00:00,12845.0,968.0,29386.0,2725.67,2840.43,2540.68,2827.33,31057928075.0,330757177808.0
2021-08-06 00:00:00+00:00,10866.0,679.0,29277.0,2827.5,2944.9,2727.79,2890.94,26528577879.0,338237757600.0
2021-08-07 00:00:00+00:00,11394.0,712.0,28105.0,2891.71,3170.23,2868.54,3157.24,33081467129.0,369437242138.0
2021-08-08 00:00:00+00:00,10093.0,570.0,26103.0,3161.23,3184.6,2951.75,3013.73,28433638008.0,352685939542.0
2021-08-09 00:00:00+00:00,8545.0,530.0,21879.0,3012.89,3185.7,2900.93,3167.86,31983260936.0,370765447257.0
2021-08-10 00:00:00+00:00,10468.0,560.0,25911.0,3163.05,3228.94,3059.23,3141.69,27605221710.0,367745684864.0
2021-08-11 00:00:00+00:00,8827.0,573.0,21371.0,3142.83,3269.21,3122.92,3164.25,26729035052.0,370427827541.0
2021-08-12 00:00:00+00:00,10017.0,492.0,19236.0,3164.18,3236.31,2984.17,3043.41,25403699845.0,356323695446.0
2021-08-13 00:00:00+00:00,10293.0,447.0,20975.0,3049.0,3324.67,3037.68,3322.21,23868866254.0,389010223400.0
2021-08-14 00:00:00+00:00,8611.0,404.0,14609.0,3322.76,3329.28,3214.52,3265.44,19860862133.0,382406961576.0
2021-08-15 00:00:00+00:00,6593.0,385.0,10729.0,3266.28,3320.08,3117.79,3310.5,22166205051.0,387728432650.0
2021-08-16 00:00:00+00:00,7773.0,471.0,14426.0,3309.42,3333.99,3139.78,3156.51,23080039949.0,369734989544.0
2021-08-17 00:00:00+00:00,6607.0,492.0,16432.0,3149.38,3288.81,2996.47,3014.85,25509056745.0,353182540849.0
2021-08-18 00:00:00+00:00,7160.0,432.0,16296.0,3011.96,3124.98,2959.03,3020.09,21539248425.0,353837223420.0
2021-08-19 00:00:00+00:00,8220.0,513.0,20483.0,3019.13,3184.44,2963.15,3182.7,19546290360.0,372932559773.0
2021-08-20 00:00:00+00:00,8247.0,520.0,16061.0,3182.16,3298.25,3178.1,3286.94,20885619828.0,385190199131.0
2021-08-21 00:00:00+00:00,6796.0,367.0,11850.0,3286.93,3307.35,3209.87,3226.08,18113977628.0,378102594336.0
2021-08-22 00:00:00+00:00,7598.0,374.0,14750.0,3226.23,3272.73,3142.01,3242.12,15983278460.0,380025418317.0
2021-08-23 00:00:00+00:00,8203.0,476.0,15554.0,3241.36,3373.38,3235.85,3319.26,20511110509.0,389112198985.0
2021-08-24 00:00:00+00:00,7867.0,463.0,15412.0,3324.86,3358.69,3154.12,3172.46,20131028906.0,371945926397.0
2021-08-25 00:00:00+00:00,7299.0,467.0,14517.0,3174.27,3248.73,3086.11,3224.92,18902728235.0,378139623273.0
2021-08-26 00:00:00+00:00,8137.0,521.0,13771.0,3228.75,3249.66,3060.23,3100.33,17405668117.0,363573005236.0
2021-08-27 00:00:00+00:00,7192.0,468.0,10767.0,3096.41,3281.84,3064.49,3270.6,18489602004.0,383584756115.0
2021-08-28 00:00:00+00:00,6825.0,357.0,11778.0,3275.1,3284.85,3217.4,3244.4,13709633698.0,380556000846.0
2021-08-29 00:00:00+00:00,5756.0,345.0,15175.0,3246.77,3283.24,3158.84,3227.0,13296586731.0,378558550046.0
2021-08-30 00:00:00+00:00,6976.0,458.0,11495.0,3227.19,3346.58,3151.44,3224.37,19306924485.0,378293803192.0
2021-08-31 00:00:00+00:00,8608.0,493.0,12752.0,3227.76,3466.99,3195.22,3433.73,27280502987.0,402902770210.0
2021-09-01 00:00:00+00:00,10418.0,667.0,19433.0,3430.76,3836.87,3387.41,3834.83,30070890104.0,450017458312.0
2021-09-02 00:00:00+00:00,8229.0,571.0,14266.0,3825.03,3830.71,3726.75,3790.99,24387397330.0,444924932307.0
2021-09-03 00:00:00+00:00,10070.0,634.0,15895.0,3787.49,4022.47,3712.68,3940.61,26207765094.0,462538485147.0
2021-09-04 00:00:00+00:00,8143.0,431.0,15870.0,3937.91,3969.45,3837.93,3887.83,20806963328.0,456394981337.0
2021-09-05 00:00:00+00:00,8470.0,452.0,13519.0,3886.33,3979.19,3838.49,3952.13,18371468576.0,463997267858.0
2021-09-06 00:00:00+00:00,8484.0,479.0,13329.0,3951.52,3968.43,3868.99,3928.38,18674691198.0,461261434464.0
2021-09-07 00:00:00+00:00,10382.0,588.0,18409.0,3926.53,3945.31,3062.22,3426.39,39131346397.0,402365928843.0
2021-09-08 00:00:00+00:00,8519.0,575.0,16333.0,3428.38,3559.12,3224.76,3497.32,31738430771.0,410741599782.0
2021-09-09 00:00:00+00:00,9182.0,542.0,19121.0,3452.55,3562.99,3400.52,3427.34,24118055831.0,402569602098.0
2021-09-10 00:00:00+00:00,8469.0,454.0,9433.0,3425.56,3512.57,3157.06,3211.51,22355974097.0,377261165406.0
2021-09-11 00:00:00+00:00,7982.0,432.0,19265.0,3209.03,3346.53,3208.96,3270.28,18627122934.0,384209314701.0
2021-09-12 00:00:00+00:00,7812.0,396.0,10823.0,3270.29,3462.47,3235.11,3410.13,16810411424.0,400686506367.0
2021-09-13 00:00:00+00:00,7316.0,481.0,11095.0,3407.47,3426.5,3121.51,3285.51,22721552948.0,386087569776.0
2021-09-14 00:00:00+00:00,8289.0,531.0,13019.0,3286.32,3429.17,3273.63,3429.17,19125420848.0,403015177032.0
2021-09-15 00:00:00+00:00,7711.0,522.0,13902.0,3431.22,3615.28,3365.91,3615.28,17548551804.0,424937147897.0
2021-09-16 00:00:00+00:00,7170.0,482.0,13451.0,3613.07,3673.31,3489.81,3571.29,20093903064.0,419815044704.0
2021-09-17 00:00:00+00:00,6575.0,437.0,10305.0,3569.57,3589.31,3356.45,3398.54,17722363229.0,399552923890.0
2021-09-18 00:00:00+00:00,5932.0,360.0,12767.0,3397.42,3540.81,3371.89,3432.02,15995220233.0,403535591621.0
2021-09-19 00:00:00+00:00,6355.0,367.0,12655.0,3433.29,3448.32,3286.17,3329.45,14257609743.0,391520172702.0
2021-09-20 00:00:00+00:00,6809.0,537.0,9755.0,3329.67,3343.33,2940.84,2958.99,27371684581.0,347997332693.0
2021-09-21 00:00:00+00:00,7249.0,460.0,11991.0,2977.31,3101.7,2676.41,2764.43,30405062665.0,325153006769.0
2021-09-22 00:00:00+00:00,5908.0,450.0,12050.0,2763.21,3089.08,2741.44,3077.87,23742102645.0,362060838609.0
2021-09-23 00:00:00+00:00,6457.0,415.0,10330.0,3077.97,3173.54,3038.1,3155.52,18516291047.0,371237859101.0
2021-09-24 00:00:00+00:00,6002.0,416.0,9385.0,3154.56,3159.64,2747.34,2931.67,25595422789.0,344941570042.0
2021-09-25 00:00:00+00:00,5458.0,338.0,13329.0,2930.88,2968.99,2818.97,2925.57,18932786754.0,344263323578.0
2021-09-26 00:00:00+00:00,4787.0,294.0,9882.0,2926.34,3114.86,2744.58,3062.27,21172766310.0,360390447457.0
2021-09-27 00:00:00+00:00,6555.0,449.0,11009.0,3065.84,3163.67,2932.69,2934.14,19164053681.0,345350983222.0
2021-09-28 00:00:00+00:00,6702.0,429.0,13009.0,2928.96,2970.77,2793.36,2807.3,16895079070.0,330459005352.0
2021-09-29 00:00:00+00:00,5704.0,415.0,11195.0,2809.3,2946.88,2786.99,2853.14,15763456158.0,335894451616.0
2021-09-30 00:00:00+00:00,6929.0,464.0,12589.0,2852.56,3046.52,2840.29,3001.68,17661065099.0,353421264860.0
2021-10-01 00:00:00+00:00,6719.0,426.0,13396.0,3001.13,3329.85,2978.65,3307.52,22307625573.0,389475327627.0
2021-10-02 00:00:00+00:00,5036.0,325.0,8796.0,3308.87,3464.84,3260.03,3391.69,19202671704.0,399433404741.0
2021-10-03 00:00:00+00:00,5579.0,361.0,10530.0,3390.77,3484.61,3348.12,3418.36,15516566862.0,402619122254.0
2021-10-04 00:00:00+00:00,6248.0,396.0,9438.0,3418.78,3434.78,3283.45,3380.09,17747154101.0,398156802049.0
2021-10-05 00:00:00+00:00,6504.0,457.0,11449.0,3381.78,3541.45,3365.82,3518.52,16632591670.0,414510299768.0
2021-10-06 00:00:00+00:00,6919.0,457.0,11790.0,3516.57,3622.55,3354.47,3580.56,21855226591.0,421867592042.0
2021-10-07 00:00:00+00:00,4923.0,394.0,9735.0,3576.81,3650.01,3479.91,3587.97,19090322927.0,422788897812.0
2021-10-08 00:00:00+00:00,6046.0,433.0,10576.0,3587.83,3667.96,3547.83,3563.76,16222029488.0,419983193014.0
2021-10-09 00:00:00+00:00,4858.0,321.0,9079.0,3560.0,3628.24,3544.64,3575.72,12707036942.0,421440173778.0
2021-10-10 00:00:00+00:00,4617.0,309.0,12579.0,3575.02,3603.24,3414.97,3425.85,16171746693.0,403822590446.0
2021-10-11 00:00:00+00:00,5202.0,398.0,11019.0,3419.73,3622.29,3385.76,3545.35,18579189588.0,417956526087.0
2021-10-12 00:00:00+00:00,6184.0,435.0,8911.0,3546.48,3546.48,3407.34,3492.57,18109578443.0,411781081166.0
2021-10-13 00:00:00+00:00,6239.0,438.0,10768.0,3492.75,3607.74,3417.6,3606.2,16211275589.0,425218703480.0
2021-10-14 00:00:00+00:00,6732.0,523.0,11521.0,3604.96,3819.26,3590.28,3786.01,19443499909.0,446474897131.0
2021-10-15 00:00:00+00:00,7178.0,433.0,12716.0,3790.15,3895.47,3735.36,3862.63,20966841512.0,455566504000.0
2021-10-16 00:00:00+00:00,5530.0,399.0,7771.0,3865.67,3962.45,3805.89,3830.38,16578095629.0,451814143160.0
2021-10-17 00:00:00+00:00,5324.0,335.0,9464.0,3829.86,3914.9,3660.72,3847.1,15908090346.0,453838694184.0
2021-10-18 00:00:00+00:00,6514.0,413.0,8234.0,3847.73,3888.21,3686.75,3748.76,17386204158.0,442286890171.0
2021-10-19 00:00:00+00:00,6832.0,475.0,12307.0,3747.16,3883.93,3736.78,3877.65,15998757133.0,457545764474.0
2021-10-20 00:00:00+00:00,9054.0,580.0,12941.0,3877.73,4167.47,3833.29,4155.99,20338319988.0,490444280909.0
2021-10-21 00:00:00+00:00,7625.0,519.0,16966.0,4161.71,4366.09,4032.48,4054.32,28220661820.0,478500948880.0
2021-10-22 00:00:00+00:00,6572.0,484.0,11894.0,4055.69,4162.98,3908.34,3970.18,19432937968.0,468623912328.0
2021-10-23 00:00:00+00:00,5202.0,372.0,8090.0,3971.36,4171.66,3944.63,4171.66,14781537792.0,492462196227.0
2021-10-24 00:00:00+00:00,5444.0,348.0,9806.0,4171.86,4185.73,3967.12,4087.9,14978083638.0,482628847456.0
2021-10-25 00:00:00+00:00,6490.0,434.0,10812.0,4084.43,4236.67,4072.03,4217.88,15995727040.0,498030801217.0
2021-10-26 00:00:00+00:00,8226.0,460.0,11303.0,4217.34,4289.13,4106.82,4131.1,17157714562.0,487840182030.0
2021-10-27 00:00:00+00:00,6344.0,452.0,9331.0,4132.17,4299.15,3930.26,3930.26,26219530404.0,464175061361.0
2021-10-28 00:00:00+00:00,7934.0,486.0,14218.0,3924.82,4293.15,3905.71,4287.32,25958154575.0,506402198179.0
2021-10-29 00:00:00+00:00,8614.0,577.0,13742.0,4288.69,4455.74,4271.71,4414.75,22967641914.0,521512615610.0
2021-10-30 00:00:00+00:00,7900.0,456.0,12337.0,4414.24,4426.85,4252.49,4325.65,14615490626.0,511045675623.0
2021-10-31 00:00:00+00:00,7190.0,417.0,13046.0,4322.74,4394.45,4179.02,4288.07,17498160238.0,506663636947.0
2021-11-01 00:00:00+00:00,7784.0,477.0,15891.0,4288.22,4377.32,4160.97,4324.63,17985288261.0,511040780623.0
2021-11-02 00:00:00+00:00,10763.0,648.0,14793.0,4322.5,4599.95,4288.69,4584.8,20794448222.0,541846540463.0
2021-11-03 00:00:00+00:00,9922.0,603.0,14506.0,4589.68,4664.91,4462.98,4607.19,21220463155.0,544555114009.0
2021-11-04 00:00:00+00:00,7703.0,466.0,11839.0,4604.68,4606.52,4426.62,4537.32,18415244464.0,536356841434.0
2021-11-05 00:00:00+00:00,8078.0,481.0,15381.0,4537.42,4570.9,4447.49,4486.24,15086003586.0,530378899238.0
2021-11-06 00:00:00+00:00,7716.0,464.0,10548.0,4482.65,4531.0,4334.97,4521.58,14429076700.0,534616843813.0
2021-11-07 00:00:00+00:00,9847.0,460.0,15417.0,4523.98,4640.92,4510.98,4620.55,13541376033.0,546381671971.0
2021-11-08 00:00:00+00:00,9771.0,560.0,16813.0,4619.65,4822.36,4619.65,4812.09,19290896267.0,569094330697.0
2021-11-09 00:00:00+00:00,11543.0,703.0,14737.0,4810.07,4837.59,4718.04,4735.07,20834172627.0,560049280556.0
2021-11-10 00:00:00+00:00,17676.0,597.0,16374.0,4733.36,4859.5,4485.09,4636.17,22748160545.0,548414296327.0
2021-11-11 00:00:00+00:00,10303.0,524.0,13576.0,4635.45,4778.06,4580.99,4730.38,17933201129.0,559621726330.0
2021-11-12 00:00:00+00:00,8256.0,515.0,17730.0,4724.31,4808.74,4510.92,4667.12,18316060208.0,552199380998.0
2021-11-13 00:00:00+00:00,6402.0,438.0,11000.0,4666.72,4702.12,4582.18,4651.46,14457436261.0,550408539446.0
2021-11-14 00:00:00+00:00,7381.0,407.0,12629.0,4648.63,4689.84,4516.94,4626.36,12172962219.0,547499259423.0
2021-11-15 00:00:00+00:00,9521.0,494.0,11984.0,4627.09,4764.64,4546.6,4557.5,16275851299.0,539410730883.0
2021-11-16 00:00:00+00:00,9906.0,584.0,11857.0,4570.48,4891.7,4144.33,4216.37,27417502801.0,499090512787.0
2021-11-17 00:00:00+00:00,8623.0,547.0,12762.0,4213.91,4300.31,4107.13,4287.59,22183461850.0,507579384616.0
2021-11-18 00:00:00+00:00,9269.0,520.0,14392.0,4287.8,4343.56,3959.23,4000.65,21383250893.0,473663292938.0
2021-11-19 00:00:00+00:00,8132.0,486.0,13262.0,3995.73,4311.71,3982.92,4298.31,20626269711.0,508960524908.0
2021-11-20 00:00:00+00:00,8357.0,434.0,15143.0,4298.35,4434.39,4209.24,4409.93,15448261277.0,522236291601.0
2021-11-21 00:00:00+00:00,7521.0,415.0,13185.0,4412.2,4422.49,4255.46,4269.73,14094831413.0,505690293990.0
2021-11-22 00:00:00+00:00,7448.0,508.0,9665.0,4266.51,4302.02,4033.57,4088.46,19752218877.0,484275218142.0
2021-11-23 00:00:00+00:00,7931.0,473.0,12534.0,4089.68,4385.48,4069.77,4340.76,22133497059.0,514217959090.0
2021-11-24 00:00:00+00:00,6520.0,471.0,12624.0,4340.04,4376.88,4176.18,4239.98,21838037128.0,502285105696.0
2021-11-25 00:00:00+00:00,10218.0,469.0,13851.0,4271.39,4550.52,4249.77,4274.74,18705358318.0,506472632401.0
2021-11-26 00:00:00+00:00,7583.0,478.0,8725.0,4522.21,4550.84,3933.51,4030.91,26281795488.0,477672051593.0
2021-11-27 00:00:00+00:00,8148.0,491.0,12401.0,4043.0,4187.68,4033.51,4096.91,16515693874.0,485548014481.0
2021-11-28 00:00:00+00:00,6435.0,374.0,10780.0,4101.65,4297.92,3989.97,4294.45,15953126340.0,509016708179.0
2021-11-29 00:00:00+00:00,9415.0,463.0,12356.0,4296.95,4460.85,4284.5,4445.11,19086475837.0,526931291117.0
2021-11-30 00:00:00+00:00,10082.0,606.0,12574.0,4447.77,4753.27,4358.07,4631.48,28626354111.0,549085770691.0
2021-12-01 00:00:00+00:00,9137.0,513.0,10017.0,4623.68,4780.73,4530.27,4586.99,27634826695.0,543871223795.0
2021-12-02 00:00:00+00:00,8865.0,469.0,12235.0,4586.33,4628.92,4441.51,4511.3,21502671027.0,534956208694.0
2021-12-03 00:00:00+00:00,9116.0,497.0,10647.0,4514.36,4647.29,4100.15,4220.71,25879591528.0,500552313217.0
2021-12-04 00:00:00+00:00,9931.0,520.0,11597.0,4227.76,4242.73,3525.49,4119.59,38478999182.0,488613645062.0
2021-12-05 00:00:00+00:00,6987.0,388.0,11522.0,4119.63,4246.92,4040.22,4198.32,25533062707.0,498007875686.0
2021-12-06 00:00:00+00:00,9307.0,457.0,15536.0,4199.0,4375.52,3930.81,4358.74,28229518513.0,517093472536.0
2021-12-07 00:00:00+00:00,8573.0,592.0,22470.0,4358.59,4428.59,4264.32,4315.06,22366213354.0,511968714781.0
2021-12-08 00:00:00+00:00,8649.0,506.0,10849.0,4311.67,4453.11,4234.54,4439.36,18704315119.0,526774233712.0
2021-12-09 00:00:00+00:00,9955.0,506.0,9198.0,4433.03,4482.31,4078.84,4119.82,22296131874.0,488911369093.0
2021-12-10 00:00:00+00:00,8666.0,480.0,11683.0,4113.59,4227.11,3897.77,3908.5,28014595631.0,463886245130.0
2021-12-11 00:00:00+00:00,7435.0,388.0,9365.0,3909.67,4095.65,3846.05,4084.45,19131502454.0,484824810240.0
2021-12-12 00:00:00+00:00,8545.0,433.0,10546.0,4084.81,4173.61,3993.06,4134.45,14057603914.0,490816832310.0
2021-12-13 00:00:00+00:00,9083.0,509.0,12714.0,4136.36,4145.96,3680.61,3784.23,23999841386.0,449291443953.0
2021-12-14 00:00:00+00:00,7498.0,512.0,10256.0,3782.82,3866.63,3700.1,3745.44,23836759957.0,444724220347.0
2021-12-15 00:00:00+00:00,9122.0,469.0,10220.0,3862.25,4086.37,3664.72,4018.39,26411188833.0,477201243362.0
2021-12-16 00:00:00+00:00,9250.0,486.0,10024.0,4020.41,4110.37,3956.06,3962.47,19825531254.0,470613962761.0
2021-12-17 00:00:00+00:00,10140.0,413.0,11301.0,3959.01,3992.79,3711.42,3879.49,23143541098.0,460810766341.0
2021-12-18 00:00:00+00:00,7659.0,357.0,8696.0,3880.29,3993.83,3774.62,3960.86,19530895889.0,470530555466.0
2021-12-19 00:00:00+00:00,7486.0,343.0,10573.0,3960.87,4018.66,3894.4,3922.59,16167785597.0,466037604379.0
2021-12-20 00:00:00+00:00,8683.0,439.0,11202.0,3923.7,3980.1,3759.4,3933.84,21589690675.0,467428565001.0
2021-12-21 00:00:00+00:00,8471.0,553.0,12902.0,3938.46,4058.82,3918.84,4020.26,16388555198.0,477751386115.0
2021-12-22 00:00:00+00:00,8363.0,485.0,9559.0,4018.7,4073.79,3947.69,3982.1,13921756199.0,473270048864.0
2021-12-23 00:00:00+00:00,9997.0,487.0,13970.0,3981.96,4149.03,3897.23,4108.02,18007273742.0,488291028084.0
2021-12-24 00:00:00+00:00,8322.0,394.0,12143.0,4111.34,4134.11,4029.06,4047.98,12769090623.0,481210199545.0
2021-12-25 00:00:00+00:00,5905.0,296.0,7529.0,4049.78,4138.57,4027.93,4093.28,10894785525.0,486650526450.0
2021-12-26 00:00:00+00:00,6797.0,307.0,8762.0,4094.15,4105.02,4013.03,4067.33,11197244172.0,483620188465.0
2021-12-27 00:00:00+00:00,8601.0,410.0,8484.0,4064.75,4126.0,4033.49,4037.55,11424360002.0,480134213401.0
2021-12-28 00:00:00+00:00,8773.0,455.0,11084.0,4037.54,4037.54,3769.28,3800.89,17299472803.0,452043198574.0
2021-12-29 00:00:00+00:00,8041.0,423.0,10175.0,3797.44,3827.98,3612.8,3628.53,15722555672.0,431593692098.0
2021-12-30 00:00:00+00:00,7979.0,451.0,11692.0,3632.22,3767.56,3595.2,3713.85,12925377999.0,441792512827.0
2021-12-31 00:00:00+00:00,6937.0,371.0,15306.0,3713.43,3807.29,3636.87,3682.63,14157285268.0,438128003491.0
