datetime,low,high,open,close,volume,reddit_hype_volatility_index,reddit_num_comments,reddit_num_posts,reddit_post_ups
2021-09-04 20:00:00,0.2985,0.3008,0.2988,0.3001,11298918.2,-0.22691141556624117,192.0,18.0,904.0
2021-09-04 21:00:00,0.3,0.3028,0.3002,0.3005,8070053.0,-0.01730758649017683,200.0,19.0,613.0
2021-09-04 22:00:00,0.2982,0.3015,0.3006,0.2987,9856018.3,0.11849953520130785,276.0,23.0,1216.0
2021-09-04 23:00:00,0.2973,0.3007,0.2986,0.2994,9988592.4,-0.25853378153391104,51.0,13.0,267.0
2021-09-05 00:00:00,0.2968,0.3017,0.2995,0.3006,11112064.5,0.4457729955961802,537.0,11.0,1483.0
2021-09-05 01:00:00,0.2993,0.3052,0.3008,0.3023,24282758.4,-0.06755504969984838,164.0,21.0,599.0
2021-09-05 02:00:00,0.3011,0.3033,0.3021,0.3021,8481692.2,-0.06568406669925664,129.0,17.0,487.0
2021-09-05 03:00:00,0.298,0.303,0.3018,0.2983,9035232.7,0.42500002112684965,413.0,27.0,4390.0
2021-09-05 04:00:00,0.2977,0.301,0.2982,0.2998,8409233.5,-0.26811996835123675,58.0,19.0,455.0
2021-09-05 05:00:00,0.2975,0.3,0.2998,0.2988,3609179.2,0.11355569058899628,125.0,19.0,579.0
2021-09-05 06:00:00,0.2963,0.2998,0.2986,0.2993,5773053.5,-0.31020115233430134,19.0,11.0,68.0
2021-09-05 07:00:00,0.2982,0.3008,0.2993,0.299,3185787.1,0.07909233084029332,43.0,11.0,50.0
2021-09-05 08:00:00,0.2989,0.302,0.2989,0.3018,5029263.7,0.19174104973566553,62.0,7.0,337.0
2021-09-05 09:00:00,0.3001,0.302,0.3018,0.3005,3403670.3,-0.1368246314939361,23.0,9.0,147.0
2021-09-05 10:00:00,0.2991,0.3031,0.3005,0.2998,7785014.7,0.3561681189699688,107.0,12.0,242.0
2021-09-05 11:00:00,0.2993,0.302,0.3,0.3013,5005024.4,0.32696060150710626,936.0,8.0,1347.0
2021-09-05 12:00:00,0.3005,0.3035,0.3014,0.3023,10994220.0,-0.29001264169344243,27.0,9.0,283.0
2021-09-05 13:00:00,0.3017,0.3063,0.3024,0.3044,20767963.5,0.6664447576998704,434.0,16.0,957.0
2021-09-05 14:00:00,0.3024,0.3055,0.3043,0.3031,13505594.9,0.07111995712992125,396.0,22.0,1424.0
2021-09-05 15:00:00,0.3022,0.308,0.3032,0.3035,18257752.1,0.08483616786929171,1760.0,20.0,1088.0
2021-09-05 16:00:00,0.3022,0.307,0.3034,0.3063,16897161.1,-0.15021836312254977,213.0,18.0,1088.0
2021-09-05 17:00:00,0.3051,0.3075,0.3063,0.3062,16170149.1,0.18357799369704386,243.0,25.0,5076.0
2021-09-05 18:00:00,0.3046,0.3091,0.3062,0.3069,16911389.5,-0.16527434942675923,116.0,26.0,652.0
2021-09-05 19:00:00,0.3067,0.3144,0.3068,0.3098,44881507.3,-0.04882695629694389,147.0,21.0,370.0
2021-09-05 20:00:00,0.3083,0.3114,0.3097,0.3108,20789355.0,0.24676617234718257,209.0,44.0,936.0
2021-09-05 21:00:00,0.3099,0.3131,0.3108,0.3118,18713269.1,-0.22081727983073363,117.0,18.0,212.0
2021-09-05 22:00:00,0.3109,0.3139,0.3119,0.3134,28487075.9,0.5822803250066597,821.0,31.0,2137.0
2021-09-05 23:00:00,0.3126,0.3159,0.3134,0.3147,31157297.4,-0.2194470203294826,141.0,21.0,592.0
2021-09-06 00:00:00,0.3103,0.3164,0.3148,0.3127,17739577.0,0.21620975930887232,237.0,40.0,1111.0
2021-09-06 01:00:00,0.3108,0.3162,0.3125,0.3157,10793221.5,0.07460355064256197,370.0,32.0,2701.0
2021-09-06 02:00:00,0.3118,0.3162,0.3157,0.312,10820055.6,-0.06478142599153358,542.0,23.0,1170.0
2021-09-06 03:00:00,0.31,0.3131,0.312,0.3104,9972475.5,-0.14293519101162266,178.0,22.0,480.0
2021-09-06 04:00:00,0.3096,0.3115,0.3103,0.3106,6569886.5,0.18365443874764975,329.0,17.0,3535.0
2021-09-06 05:00:00,0.3103,0.3129,0.3105,0.3118,6218374.0,-0.1989174534059983,92.0,18.0,452.0
2021-09-06 06:00:00,0.311,0.3144,0.3118,0.3126,5875106.9,0.026319034277766384,154.0,16.0,402.0
2021-09-06 07:00:00,0.3109,0.3137,0.3127,0.3118,4926836.0,-0.15789229012959172,101.0,10.0,170.0
2021-09-06 08:00:00,0.31,0.3126,0.3118,0.3109,5075802.7,0.08695569275301063,93.0,14.0,253.0
2021-09-06 09:00:00,0.3106,0.3179,0.3109,0.3178,9551541.2,0.04619634843207754,193.0,12.0,239.0
2021-09-06 10:00:00,0.3159,0.3199,0.3179,0.3171,15204014.4,-0.09245600070776094,87.0,11.0,217.0
2021-09-06 11:00:00,0.3069,0.3189,0.3171,0.3086,45225451.2,0.08178431901372218,86.0,13.0,390.0
2021-09-06 12:00:00,0.3002,0.3085,0.3085,0.3054,31224269.1,0.18044135727852684,856.0,13.0,221.0
2021-09-06 13:00:00,0.3037,0.3084,0.3055,0.3081,12146715.5,0.24551049155737026,428.0,15.0,5766.0
2021-09-06 14:00:00,0.3073,0.3102,0.308,0.3097,15273195.1,-0.10501088966597116,312.0,21.0,685.0
2021-09-06 15:00:00,0.3071,0.3097,0.3097,0.3076,9731712.5,-0.016998018064302678,268.0,21.0,650.0
2021-09-06 16:00:00,0.3053,0.3091,0.3075,0.3061,13472724.7,-0.06041291184485931,155.0,14.0,1214.0
2021-09-06 17:00:00,0.3051,0.3078,0.3061,0.3064,14217825.0,0.12702398907499624,388.0,17.0,1252.0
2021-09-06 18:00:00,0.3043,0.3083,0.3064,0.3079,12106033.4,-0.17218102198348328,75.0,21.0,403.0
2021-09-06 19:00:00,0.3062,0.3085,0.3079,0.3062,7779662.8,0.2693076435468533,330.0,20.0,1186.0
2021-09-06 20:00:00,0.3046,0.3082,0.3063,0.3077,8401977.7,-0.103210503023202,124.0,21.0,764.0
2021-09-06 21:00:00,0.3064,0.3113,0.3077,0.3109,6821965.1,-0.03041197136791607,217.0,13.0,632.0
2021-09-06 22:00:00,0.3089,0.3118,0.3108,0.3094,9131907.4,-0.1436872465932153,98.0,10.0,335.0
2021-09-06 23:00:00,0.3071,0.3098,0.3094,0.3091,6725931.9,0.5096785280543585,577.0,17.0,2027.0
2021-09-07 00:00:00,0.3049,0.3115,0.3092,0.306,12769336.2,-0.12031340109532895,170.0,17.0,1250.0
2021-09-07 01:00:00,0.3038,0.3073,0.306,0.3058,12490421.7,-0.018423953483741373,169.0,17.0,968.0
2021-09-07 02:00:00,0.3057,0.308,0.3059,0.3068,5072343.8,-0.03041032832966495,221.0,17.0,463.0
2021-09-07 03:00:00,0.3043,0.3073,0.3068,0.3047,6342432.5,0.19526608489518726,827.0,11.0,2638.0
2021-09-07 04:00:00,0.3041,0.3065,0.3046,0.3055,6608657.6,-0.2192506851071817,67.0,19.0,351.0
2021-09-07 05:00:00,0.304,0.3059,0.3055,0.3056,6324318.8,0.07264040038232822,118.0,16.0,519.0
2021-09-07 06:00:00,0.3002,0.3063,0.3056,0.3002,7910979.7,-0.05644376296600784,153.0,11.0,366.0
2021-09-07 07:00:00,0.2955,0.3016,0.3002,0.2988,29303258.7,-0.17931096957299586,87.0,6.0,170.0
2021-09-07 08:00:00,0.28,0.2993,0.2988,0.2863,60320846.5,0.12915338611663785,126.0,12.0,119.0
2021-09-07 09:00:00,0.2792,0.2898,0.2862,0.2834,29338350.9,0.5978928168988711,825.0,21.0,1082.0
2021-09-07 10:00:00,0.2831,0.2886,0.2836,0.2881,28718095.7,-0.3482978084079881,35.0,5.0,256.0
2021-09-07 11:00:00,0.2845,0.2884,0.2882,0.2848,43925681.3,0.3065223169319673,106.0,17.0,113.0
2021-09-07 12:00:00,0.2813,0.2869,0.2849,0.2861,36437413.7,-0.012801229627219413,102.0,19.0,89.0
2021-09-07 13:00:00,0.2834,0.288,0.2862,0.2838,21939745.0,0.23760473819055727,105.0,26.0,444.0
2021-09-07 14:00:00,0.24,0.2858,0.2837,0.2406,113224560.7,0.4231382428431114,1482.0,26.0,1694.0
2021-09-07 15:00:00,0.21,0.2582,0.2413,0.2526,125661732.7,-0.13540617258793985,291.0,38.0,538.0
2021-09-07 16:00:00,0.25,0.2649,0.2525,0.2633,78783206.5,0.7081912462778779,3208.0,118.0,12866.0
2021-09-07 17:00:00,0.2479,0.2638,0.2634,0.2492,71269858.2,-0.3164750438763442,182.0,49.0,459.0
2021-09-07 18:00:00,0.241,0.2547,0.2493,0.2505,79115659.2,-0.032142715454324455,194.0,30.0,613.0
2021-09-07 19:00:00,0.2465,0.2541,0.2504,0.2477,44735942.1,0.2783057144292702,939.0,27.0,3000.0
2021-09-07 20:00:00,0.2468,0.2544,0.2477,0.2527,40150039.3,-0.1732860282182016,213.0,28.0,709.0
2021-09-07 21:00:00,0.2477,0.2537,0.2527,0.2537,29157804.3,0.0885674102518681,209.0,32.0,1788.0
2021-09-07 22:00:00,0.2504,0.2549,0.2537,0.2536,27321291.1,-0.12686594193170886,209.0,24.0,413.0
2021-09-07 23:00:00,0.2502,0.2571,0.2536,0.2557,23155394.7,0.21670672419588022,278.0,50.0,917.0
2021-09-08 00:00:00,0.2506,0.2618,0.2556,0.2615,31954297.9,-0.2439910311615291,98.0,19.0,221.0
2021-09-08 01:00:00,0.2573,0.2622,0.2616,0.2605,22807938.1,-0.05347807570920249,67.0,14.0,311.0
2021-09-08 02:00:00,0.2593,0.2637,0.2604,0.2601,17274297.3,0.3645661029309957,219.0,30.0,605.0
2021-09-08 03:00:00,0.2526,0.2608,0.2602,0.2555,22314270.9,0.05912135517748718,292.0,25.0,1275.0
2021-09-08 04:00:00,0.2539,0.2603,0.2554,0.2559,17201747.5,-0.09784885633002316,216.0,13.0,1538.0
2021-09-08 05:00:00,0.2518,0.2587,0.2559,0.2523,13067734.2,-0.23508125213508624,41.0,11.0,312.0
2021-09-08 06:00:00,0.2416,0.2543,0.2524,0.2427,33150792.6,0.038427075680130374,123.0,9.0,177.0
2021-09-08 07:00:00,0.24,0.2464,0.2427,0.2406,28903605.1,0.4525312635296348,394.0,12.0,2635.0
2021-09-08 08:00:00,0.2334,0.2451,0.2407,0.2447,50742981.4,-0.30302334424762345,50.0,7.0,179.0
2021-09-08 09:00:00,0.2429,0.2485,0.2448,0.2471,15209865.4,0.30008439009737153,106.0,13.0,387.0
2021-09-08 10:00:00,0.2423,0.2477,0.2472,0.2467,11308321.8,-0.04957498402731553,66.0,9.0,940.0
2021-09-08 11:00:00,0.2454,0.2513,0.2467,0.2474,21098511.0,0.00287165679556578,57.0,16.0,280.0
2021-09-08 12:00:00,0.2473,0.2526,0.2474,0.2491,22655881.5,0.36720588624590644,588.0,19.0,653.0
